{"cameraMode":{"drawMode":0,"name":"Shaded","section":"Shading Mode"},"sceneLighting":false,"audioPlay":false,"sceneViewState":{"showFog":true,"showMaterialUpdate":false,"showSkybox":false,"showFlares":true,"showImageEffects":true,"showParticleSystems":true},"in2DMode":false,"pivot":{"x":0.7864400744438171,"y":1.1563963890075684,"z":1.6517184972763062},"rotation":{"x":-0.13040977716445924,"y":-0.020228102803230287,"z":0.002661175560206175,"w":-0.9912502765655518},"size":6.1051740646362309,"orthographic":false}